{
  "train_loss": [
    5.494617802756173,
    5.457086086273193
  ],
  "val_loss": [
    5.511758327484131,
    5.483077049255371
  ],
  "epochs": [
    1,
    2
  ]
}